<?xml version="1.0" encoding="UTF-8" standalone="yes"?>
<addon id="plugin.video.khoj"
       name="Numi Khoj"
       version="0.2.1"
       provider-name="Cyrus007">
  <requires>
    <import addon="xbmc.python" version="1.0"/>
  </requires>
  <extension point="xbmc.python.pluginsource"
            library="default.py">
        <provides>video</provides>
  </extension>
  <extension point="xbmc.addon.metadata">
    <summary lang="en">Search bollywood movies</summary>
    <description lang="en">Search bollywood movies easily.</description>
    <platform>all</platform>
  </extension>
</addon>
