<?xml version="1.0" encoding="UTF-8" standalone="yes"?>
<addon id="plugin.video.khoj" name="Numi Khoj" version="0.3.0" provider-name="Cyrus007">
  <requires>
    <import addon="xbmc.python" version="2.0"/>
    <import addon="script.module.urlresolver" version="0.0.1"/>
    <import addon="script.module.beautifulsoup" version="3.2.0"/>
  </requires>
  <extension point="xbmc.python.pluginsource" library="default.py">
        <provides>video</provides>
  </extension>
  <extension point="xbmc.addon.metadata">
    <summary lang="en">Search bollywood movies</summary>
    <description lang="en">Search bollywood movies easily.</description>
    <platform>all</platform>
  </extension>
</addon>
